k,rise,SE,structure,step,split,best
1.0,255.8836324775194,286.24852927854164,C,0,K+BB+HBP+HR | 1B+2B+ROE+OUT,45
1.4,237.90793467565283,280.15642466675826,C,0,K+BB+HBP+HR | 1B+2B+ROE+OUT,45
2.0,217.91952045377064,271.7974450663639,C,0,K+BB+HBP+HR | 1B+2B+ROE+OUT,45
2.8,195.28381961756082,260.4068475971559,C,0,K+BB+HBP+HR | 1B+2B+ROE+OUT,45
4.0,169.11349021868406,245.24190922726183,C,0,K+BB+HBP+HR | 1B+2B+ROE+OUT,45
5.7,139.522858065842,225.47534954239316,C,0,K+BB+HBP+HR | 1B+2B+ROE+OUT,45
8.0,108.13321087326484,200.2971965720072,C,0,K+BB+HBP+HR | 1B+2B+ROE+OUT,45
11,76.58099474736404,169.19762831540686,C,0,K+BB+HBP+HR | 1B+2B+ROE+OUT,45
16,47.197001084380574,132.3486159068189,C,0,K+BB+HBP+HR | 1B+2B+ROE+OUT,45
23,23.046591235030498,90.74836874383621,C,0,K+BB+HBP+HR | 1B+2B+ROE+OUT,45
32,6.863001377828796,45.88000694822669,C,0,K+BB+HBP+HR | 1B+2B+ROE+OUT,45
45,0.0,0.0,C,0,K+BB+HBP+HR | 1B+2B+ROE+OUT,45
64,1.994864863370144,44.49762886170243,C,0,K+BB+HBP+HR | 1B+2B+ROE+OUT,45
91,10.99515928939907,85.30602993977634,C,0,K+BB+HBP+HR | 1B+2B+ROE+OUT,45
128,24.425946084651805,120.86006024573017,C,0,K+BB+HBP+HR | 1B+2B+ROE+OUT,45
181,39.43165319903933,150.43853345548084,C,0,K+BB+HBP+HR | 1B+2B+ROE+OUT,45
256,54.025799543328006,174.15954038585144,C,0,K+BB+HBP+HR | 1B+2B+ROE+OUT,45
362,66.80571068161743,192.59035690442232,C,0,K+BB+HBP+HR | 1B+2B+ROE+OUT,45
512,77.26666436454798,206.55741731423424,C,0,K+BB+HBP+HR | 1B+2B+ROE+OUT,45
724,85.5043139021638,216.94394005585676,C,0,K+BB+HBP+HR | 1B+2B+ROE+OUT,45
1024,91.77329630348213,224.56864856761666,C,0,K+BB+HBP+HR | 1B+2B+ROE+OUT,45
1448,96.45323244960178,230.10724751078018,C,0,K+BB+HBP+HR | 1B+2B+ROE+OUT,45
2048,99.89715252329262,234.0983944935479,C,0,K+BB+HBP+HR | 1B+2B+ROE+OUT,45
inf,108.73238125990947,243.99961613372895,C,0,K+BB+HBP+HR | 1B+2B+ROE+OUT,45
1.0,95.25252168783818,168.28600676517635,C,1,HBP | K+BB+HR,11
1.4,76.20456366162186,152.90812193525232,C,1,HBP | K+BB+HR,11
2.0,55.64027630750742,132.46919096336518,C,1,HBP | K+BB+HR,11
2.8,34.922178727465784,108.39841843384917,C,1,HBP | K+BB+HR,11
4.0,18.814842778539084,81.93866757699716,C,1,HBP | K+BB+HR,11
5.7,7.071775910002778,54.31230821129174,C,1,HBP | K+BB+HR,11
8.0,0.6915727952449605,26.726304174781873,C,1,HBP | K+BB+HR,11
11,0.0,0.0,C,1,HBP | K+BB+HR,11
16,4.123972341769024,25.000260918030804,C,1,HBP | K+BB+HR,11
23,12.33197218829639,47.491147296158644,C,1,HBP | K+BB+HR,11
32,22.666376962479937,67.01686915267923,C,1,HBP | K+BB+HR,11
45,33.43866891713743,83.32801454262462,C,1,HBP | K+BB+HR,11
64,43.67244966908916,96.52228976671455,C,1,HBP | K+BB+HR,11
91,52.603494203611795,106.8797634523022,C,1,HBP | K+BB+HR,11
128,59.93594757371466,114.80809020909248,C,1,HBP | K+BB+HR,11
181,65.71015400104322,120.75573163970142,C,1,HBP | K+BB+HR,11
256,70.1363209650941,125.14923462407822,C,1,HBP | K+BB+HR,11
362,73.44069889549706,128.35231337863328,C,1,HBP | K+BB+HR,11
512,75.8682176546296,130.6686528428986,C,1,HBP | K+BB+HR,11
724,77.63456831308744,132.33388728993575,C,1,HBP | K+BB+HR,11
1024,78.90923139720539,133.52538690989755,C,1,HBP | K+BB+HR,11
1448,79.82363608939515,134.37503422360558,C,1,HBP | K+BB+HR,11
2048,80.47686060851726,134.97943674628658,C,1,HBP | K+BB+HR,11
inf,82.07832018405627,136.4508299773658,C,1,HBP | K+BB+HR,11
1.0,441.92924711261776,361.8373915363844,C,2,HR | K+BB,8.0
1.4,337.7789173429097,320.92988498097844,C,2,HR | K+BB,8.0
2.0,234.80614597678948,272.036251713217,C,2,HR | K+BB,8.0
2.8,139.4809549113627,215.2412889956769,C,2,HR | K+BB,8.0
4.0,61.6081683684088,151.14686168828607,C,2,HR | K+BB,8.0
5.7,12.28073675145136,78.84416496552885,C,2,HR | K+BB,8.0
8.0,0.0,0.0,C,2,HR | K+BB,8.0
11,28.160920595120267,81.5150737341014,C,2,HR | K+BB,8.0
16,84.3826714180069,160.6186042479409,C,2,HR | K+BB,8.0
23,157.30427745724293,233.4188247668258,C,2,HR | K+BB,8.0
32,237.91356114704934,296.82697258453305,C,2,HR | K+BB,8.0
45,317.66606047674514,349.8789853727152,C,2,HR | K+BB,8.0
64,389.34834319663844,392.76085555273914,C,2,HR | K+BB,8.0
91,449.3069378030321,426.0314798822535,C,2,HR | K+BB,8.0
128,497.22993022996485,451.1397271424061,C,2,HR | K+BB,8.0
181,534.487072357349,469.7904617791855,C,2,HR | K+BB,8.0
256,562.4758836928296,483.5073833906861,C,2,HR | K+BB,8.0
362,583.062533561121,493.404863287159,C,2,HR | K+BB,8.0
512,598.2172225043215,500.52666977863765,C,2,HR | K+BB,8.0
724,609.1778128950764,505.6337888415124,C,2,HR | K+BB,8.0
1024,617.0191324473063,509.27194026933086,C,2,HR | K+BB,8.0
1448,622.6110738954966,511.8578867009928,C,2,HR | K+BB,8.0
2048,626.5764316345071,513.693496482356,C,2,HR | K+BB,8.0
inf,636.2787401447392,518.157579477887,C,2,HR | K+BB,8.0
1.0,1508.9526563337588,905.5720359563333,C,3,K | BB,16
1.4,1211.593147665196,810.1451071101808,C,3,K | BB,16
2.0,917.6450098772616,702.5425470552648,C,3,K | BB,16
2.8,644.258011694782,585.2560712850188,C,3,K | BB,16
4.0,407.8529409540571,461.87951564925305,C,3,K | BB,16
5.7,221.67360018721578,336.9273885979494,C,3,K | BB,16
8.0,93.0766633472155,215.33737421388594,C,3,K | BB,16
11,21.76582692308106,101.78458308986988,C,3,K | BB,16
16,0.0,0.0,C,3,K | BB,16
23,14.958939385642317,87.69597693546122,C,3,K | BB,16
32,52.30178484220353,160.52166357472936,C,3,K | BB,16
45,99.39622679524257,219.03554498424594,C,3,K | BB,16
64,147.13008665621572,264.7311975426612,C,3,K | BB,16
91,190.16663436621513,299.5826572678699,C,3,K | BB,16
128,226.20056461079326,325.663201025048,C,3,K | BB,16
181,254.89884119309585,344.8930268908142,C,3,K | BB,16
256,276.97258841482454,358.9124988663629,C,3,K | BB,16
362,293.5394923122263,369.04752905244703,C,3,K | BB,16
512,305.7593013960234,376.32904221949127,C,3,K | BB,16
724,314.6623892332577,381.5368459467167,C,3,K | BB,16
1024,321.09260968898064,385.2493716121269,C,3,K | BB,16
1448,325.70816610632573,387.8897506754188,C,3,K | BB,16
2048,329.00668265142843,389.76446637517375,C,3,K | BB,16
inf,337.09071092344766,394.31694570460775,C,3,K | BB,16
1.0,4904.558919500377,1275.3824921826747,C,4,1B | 2B+ROE+OUT,45
1.4,4442.758335996221,1223.6461812740527,C,4,1B | 2B+ROE+OUT,45
2.0,3912.4705509757523,1157.6380968111332,C,4,1B | 2B+ROE+OUT,45
2.8,3324.3884758543004,1075.5892199854045,C,4,1B | 2B+ROE+OUT,45
4.0,2699.0354906402126,976.3492749603109,C,4,1B | 2B+ROE+OUT,45
5.7,2068.048646232335,859.9305395924457,C,4,1B | 2B+ROE+OUT,45
8.0,1470.6489925562855,727.862012711324,C,4,1B | 2B+ROE+OUT,45
11,946.9700319392479,583.45545117651,C,4,1B | 2B+ROE+OUT,45
16,529.7325099215717,431.82748834896506,C,4,1B | 2B+ROE+OUT,45
23,236.45735144273064,279.49898692193983,C,4,1B | 2B+ROE+OUT,45
32,65.92054146132752,133.47781585635246,C,4,1B | 2B+ROE+OUT,45
45,0.0,0.0,C,4,1B | 2B+ROE+OUT,45
64,10.272990908340157,116.51601753923829,C,4,1B | 2B+ROE+OUT,45
91,66.39958420107604,214.00978445726918,C,4,1B | 2B+ROE+OUT,45
128,142.82265862524625,292.6205494960343,C,4,1B | 2B+ROE+OUT,45
181,221.8378054452099,354.06482546207195,C,4,1B | 2B+ROE+OUT,45
256,293.4120443467939,400.90047674835495,C,4,1B | 2B+ROE+OUT,45
362,353.3246394785391,435.9075370327025,C,4,1B | 2B+ROE+OUT,45
512,400.95285722185963,461.6843867203573,C,4,1B | 2B+ROE+OUT,45
724,437.5105012618226,480.4538709309728,C,4,1B | 2B+ROE+OUT,45
1024,464.8969775422416,494.0089825222229,C,4,1B | 2B+ROE+OUT,45
1448,485.0668680937208,503.7398080379765,C,4,1B | 2B+ROE+OUT,45
2048,499.74509180697964,510.69510357338805,C,4,1B | 2B+ROE+OUT,45
inf,536.6548935020268,527.7474638350503,C,4,1B | 2B+ROE+OUT,45
1.0,4829.054822813791,937.459753176949,C,5,OUT | 2B+ROE,inf
1.4,4482.295482233579,900.2876696505069,C,5,OUT | 2B+ROE,inf
2.0,4074.496732092257,854.8974491139624,C,5,OUT | 2B+ROE,inf
2.8,3603.131264901736,799.8717670752717,C,5,OUT | 2B+ROE,inf
4.0,3084.2367439798395,733.8743106224506,C,5,OUT | 2B+ROE,inf
5.7,2544.7130849667406,658.8241717645689,C,5,OUT | 2B+ROE,inf
8.0,2020.9880555204975,577.4343277371054,C,5,OUT | 2B+ROE,inf
11,1541.6684007541478,493.3223271340207,C,5,OUT | 2B+ROE,inf
16,1130.0196352581,410.31254377299507,C,5,OUT | 2B+ROE,inf
23,797.3098731340827,332.329964929447,C,5,OUT | 2B+ROE,inf
32,544.9302216141285,262.459144226588,C,5,OUT | 2B+ROE,inf
45,363.6647766514812,202.60350760075627,C,5,OUT | 2B+ROE,inf
64,239.11258214139235,153.33400399863245,C,5,OUT | 2B+ROE,inf
91,156.36422656075894,114.15391054469933,C,5,OUT | 2B+ROE,inf
128,102.46410030266254,83.88641017441279,C,5,OUT | 2B+ROE,inf
181,67.65371017556873,61.01906582394956,C,5,OUT | 2B+ROE,inf
256,45.113164907760655,44.040656197468984,C,5,OUT | 2B+ROE,inf
362,30.39810405381569,31.60299119680706,C,5,OUT | 2B+ROE,inf
512,20.68937493766688,22.586737679210334,C,5,OUT | 2B+ROE,inf
724,14.20884125125279,16.094153077667528,C,5,OUT | 2B+ROE,inf
1024,9.830055329679887,11.442664835614272,C,5,OUT | 2B+ROE,inf
1448,6.839778418189646,8.122706087526135,C,5,OUT | 2B+ROE,inf
2048,4.7805598309143775,5.759574469237045,C,5,OUT | 2B+ROE,inf
inf,0.0,0.0,C,5,OUT | 2B+ROE,inf
1.0,47.72562283382705,125.54365936861042,C,6,ROE | 2B,64
1.4,33.65752324768104,107.90210172613007,C,6,ROE | 2B,64
2.0,22.34328736931803,90.58604104761666,C,6,ROE | 2B,64
2.8,14.931103727760938,74.24815524965955,C,6,ROE | 2B,64
4.0,10.165657798718174,59.398734001015114,C,6,ROE | 2B,64
5.7,6.326305370605128,46.22634262283453,C,6,ROE | 2B,64
8.0,3.520995676601387,34.706413393421634,C,6,ROE | 2B,64
11,1.6118538669562308,25.06124558132345,C,6,ROE | 2B,64
16,0.5766631944049317,17.26916136454466,C,6,ROE | 2B,64
23,0.08432758236761057,11.122391893566704,C,6,ROE | 2B,64
32,0.0017225576289596472,6.340585089666941,C,6,ROE | 2B,64
45,0.012511830824108143,2.7114015678391796,C,6,ROE | 2B,64
64,0.0,0.0,C,6,ROE | 2B,64
91,0.005960604313843655,1.9858578045799433,C,6,ROE | 2B,64
128,0.024121768094093075,3.429974553620606,C,6,ROE | 2B,64
181,0.047569560357377146,4.4715645041539736,C,6,ROE | 2B,64
256,0.07074864044508967,5.218187003821238,C,6,ROE | 2B,64
362,0.08911879897196162,5.751995003830041,C,6,ROE | 2B,64
512,0.10326369651044662,6.13144613854594,C,6,ROE | 2B,64
724,0.11299845474592615,6.400600155611341,C,6,ROE | 2B,64
1024,0.12014825669860082,6.591618065736577,C,6,ROE | 2B,64
1448,0.12535985514315923,6.7270044409694405,C,6,ROE | 2B,64
2048,0.12885635657103361,6.82292253895369,C,6,ROE | 2B,64
inf,0.1374214241736814,7.055048011552832,C,6,ROE | 2B,64
