team,player,PA,OBP,SLG,OPS
BOS,Lexi Hastings,48,0.475,0.588,1.063
BOS,Alli Schroder,29,0.456,0.513,0.969
BOS,Ticara Geldenhuis,63,0.465,0.494,0.959
BOS,Denver Bryant,59,0.457,0.464,0.921
BOS,Beth Greenwood,35,0.422,0.373,0.795
BOS,Suzuka Yamamoto,28,0.418,0.35,0.768
BOS,Molly Paddison,62,0.401,0.339,0.741
BOS,Maïka Dumais,31,0.402,0.326,0.728
BOS,Raine Padgham,48,0.389,0.319,0.708
LAQ,Ashton Lansdell,90,0.523,0.651,1.174
LAQ,Jamie Mackay,80,0.444,0.667,1.112
LAQ,Sarah Edwards,75,0.481,0.438,0.919
LAQ,Maggie Foxx,71,0.425,0.484,0.908
LAQ,Samaria Benitez,61,0.459,0.445,0.905
LAQ,Tháima Maximiliana,28,0.395,0.454,0.848
LAQ,Caitlin Eynon,69,0.4,0.409,0.808
LAQ,Amira Hondras,66,0.366,0.319,0.684
LAQ,Mo'ne Davis,67,0.356,0.314,0.671
NYH,Denae Benites,73,0.577,1.091,1.668
NYH,Kylee Lahners,57,0.517,0.518,1.035
NYH,Claire O'Sullivan,42,0.444,0.555,0.999
NYH,Natsuki Yonetani,75,0.476,0.522,0.998
NYH,Val Perez,46,0.419,0.476,0.894
NYH,Emi Saiki,20,0.464,0.396,0.86
NYH,London Studer,48,0.431,0.428,0.859
NYH,Madison Willan,39,0.45,0.379,0.829
NYH,Alyssa Zettlemoyer,35,0.424,0.353,0.777
NYH,Claire Eccles,48,0.32,0.314,0.634
SFF,Kelsie Whitmore,95,0.526,0.919,1.445
SFF,Andreanne Leblanc,94,0.497,0.567,1.064
SFF,Alexia Jorge,82,0.5,0.536,1.036
SFF,Skylar Kaplan,88,0.469,0.539,1.008
SFF,Samantha Gutierrez,30,0.447,0.517,0.964
SFF,Jill Albayati,56,0.448,0.478,0.926
SFF,Amanda Gianelloni,96,0.431,0.448,0.879
SFF,Joely Leguizamon,88,0.405,0.411,0.816
SFF,Jua Park,77,0.439,0.374,0.813
