# WPBL dice-game player cards -- v0.5.3, NOT FINAL. What changed between versions: data/dice/dice_version.md.
# Built from 39 games through 2026-09-22 (2798 plate appearances); code 043e51f + uncommitted changes.
# These FORECAST how a player would do in games we have not seen. They do not
# replay 2026: a card is pulled toward players her team used about as much, so it
# will not match her season line, by design (dice_game_spec.md section 3).
# A card that looks wrong is worth reporting: https://github.com/jgf1123/wpbl/issues
# The batter and season-card pitcher rows are identical by construction:
# every plate appearance has a batter and a pitcher, so the season's
# outcomes are one distribution. A player facing this card is shrunk toward
# it by the mixing weight. The three column rows are the stand-in pitcher a
# player with no card of her own reads, at stamina 70.
player,team,stamina,column,PA/BF,K %,BB %,HBP %,HR %,1B %,2B %,ROE %,OUT %,K cells,K,BB cells,BB,HBP cells,HBP,HR cells,HR,1B cells,1B,OUT cells,OUT,2B cells,2B,ROE cells,ROE
League average batter,-,,,2798,11.69,12.44,3.5,2.5,21.02,4.54,2.32,41.99,7,70-76,7,79-85,2,77-78,2,98-99,12,86-97,25,45-69,4,33-36,2,37-38
League average pitcher,-,,season card,2798,11.69,12.44,3.5,2.5,21.02,4.54,2.32,41.99,4,14-17,5,08-12,1,13,1,00,7,01-07,15,18-32,4,33-36,2,37-38
League average pitcher,-,70,fresh,2798,11.69,12.44,3.5,2.5,21.02,4.54,2.32,41.99,6,13-18,4,08-11,1,12,1,00,7,01-07,14,19-32,4,33-36,2,37-38
League average pitcher,-,70,fading,2798,11.69,12.44,3.5,2.5,21.02,4.54,2.32,41.99,3,15-17,6,08-13,1,14,1,00,7,01-07,15,18-32,4,33-36,2,37-38
League average pitcher,-,70,gassed,2798,11.69,12.44,3.5,2.5,21.02,4.54,2.32,41.99,2,16-17,5,09-13,2,14-15,3,00-02,6,03-08,15,18-32,4,33-36,2,37-38
